Town,Sanders_Bernie,Clinton_Hillary,O'Malley_Martin,De La Fuente_Rocky,Bush_Jeb,Christie_Chris,Rubio_Marco,Trump_Donald,Kasich_John,Paul_Rand,Cruz_Ted,Santorum_Rick,Fiorina_Carly,Carson_Ben,,,,,,,,,,,,,,,,,,,,,,,,,,,,,,,,,,,,,,,,,,,,,,,
Addison,251,40,0,0,2,0,56,66,51,2,33,1,1,17,,,,,,,,,,,,,,,,,,,,,,,,,,,,,,,,,,,,,,,,,,,,,,,
Albany,139,16,0,1,1,0,14,35,23,0,10,0,0,4,,,,,,,,,,,,,,,,,,,,,,,,,,,,,,,,,,,,,,,,,,,,,,,
Alburgh,315,31,2,0,9,1,31,102,42,3,20,0,2,5,,,,,,,,,,,,,,,,,,,,,,,,,,,,,,,,,,,,,,,,,,,,,,,
Andover,100,14,1,0,0,0,10,27,13,5,13,3,0,6,,,,,,,,,,,,,,,,,,,,,,,,,,,,,,,,,,,,,,,,,,,,,,,
Arlington,398,84,0,0,3,4,51,87,51,0,41,0,1,11,,,,,,,,,,,,,,,,,,,,,,,,,,,,,,,,,,,,,,,,,,,,,,,
Athens,57,5,0,0,1,0,4,13,16,0,5,0,0,3,,,,,,,,,,,,,,,,,,,,,,,,,,,,,,,,,,,,,,,,,,,,,,,
Bakersfield,243,22,0,0,1,0,7,34,25,1,19,2,0,4,,,,,,,,,,,,,,,,,,,,,,,,,,,,,,,,,,,,,,,,,,,,,,,
Baltimore,43,1,0,0,0,1,5,14,6,1,3,0,0,2,,,,,,,,,,,,,,,,,,,,,,,,,,,,,,,,,,,,,,,,,,,,,,,
Barnard,214,46,0,0,4,1,18,38,41,0,5,0,1,8,,,,,,,,,,,,,,,,,,,,,,,,,,,,,,,,,,,,,,,,,,,,,,,
Barnet,309,31,0,1,5,0,35,64,55,2,23,0,3,12,,,,,,,,,,,,,,,,,,,,,,,,,,,,,,,,,,,,,,,,,,,,,,,
Barre City,1058,141,3,0,18,2,143,235,216,4,91,3,4,25,,,,,,,,,,,,,,,,,,,,,,,,,,,,,,,,,,,,,,,,,,,,,,,
Barre Town,1087,149,3,0,19,7,252,378,365,3,85,1,1,33,,,,,,,,,,,,,,,,,,,,,,,,,,,,,,,,,,,,,,,,,,,,,,,
Barton,318,25,0,0,2,5,48,78,63,1,18,1,0,10,,,,,,,,,,,,,,,,,,,,,,,,,,,,,,,,,,,,,,,,,,,,,,,
Belvidere,46,3,0,0,1,0,8,11,9,0,6,0,0,2,,,,,,,,,,,,,,,,,,,,,,,,,,,,,,,,,,,,,,,,,,,,,,,
Bennington,2121,400,9,2,16,7,196,435,165,4,115,2,4,47,,,,,,,,,,,,,,,,,,,,,,,,,,,,,,,,,,,,,,,,,,,,,,,
Benson,159,19,0,0,2,2,17,53,23,1,16,0,0,3,,,,,,,,,,,,,,,,,,,,,,,,,,,,,,,,,,,,,,,,,,,,,,,
Berkshire,181,11,1,0,4,0,23,43,26,2,22,4,1,5,,,,,,,,,,,,,,,,,,,,,,,,,,,,,,,,,,,,,,,,,,,,,,,
Berlin,469,53,0,0,6,0,46,99,88,1,35,0,0,13,,,,,,,,,,,,,,,,,,,,,,,,,,,,,,,,,,,,,,,,,,,,,,,
Bethel,376,43,0,0,0,2,17,57,44,0,19,0,2,8,,,,,,,,,,,,,,,,,,,,,,,,,,,,,,,,,,,,,,,,,,,,,,,
Bloomfield,42,6,0,0,0,0,5,23,7,0,3,0,0,1,,,,,,,,,,,,,,,,,,,,,,,,,,,,,,,,,,,,,,,,,,,,,,,
Bolton,293,33,0,0,1,0,15,45,25,2,16,0,0,3,,,,,,,,,,,,,,,,,,,,,,,,,,,,,,,,,,,,,,,,,,,,,,,
Bradford,418,57,1,0,4,1,31,68,49,0,21,1,0,14,,,,,,,,,,,,,,,,,,,,,,,,,,,,,,,,,,,,,,,,,,,,,,,
Braintree,221,18,0,0,1,1,19,23,30,0,14,0,0,7,,,,,,,,,,,,,,,,,,,,,,,,,,,,,,,,,,,,,,,,,,,,,,,
Brandon,668,103,4,0,11,0,101,135,151,5,47,2,3,18,,,,,,,,,,,,,,,,,,,,,,,,,,,,,,,,,,,,,,,,,,,,,,,
Brattleboro,2916,422,3,1,18,2,84,183,150,3,49,4,4,23,,,,,,,,,,,,,,,,,,,,,,,,,,,,,,,,,,,,,,,,,,,,,,,
Bridgewater,165,24,0,0,4,1,15,38,30,0,8,0,0,8,,,,,,,,,,,,,,,,,,,,,,,,,,,,,,,,,,,,,,,,,,,,,,,
Bridport,189,26,2,0,6,1,36,67,51,1,23,0,0,13,,,,,,,,,,,,,,,,,,,,,,,,,,,,,,,,,,,,,,,,,,,,,,,
Brighton,188,35,0,0,3,0,25,67,30,0,13,0,1,4,,,,,,,,,,,,,,,,,,,,,,,,,,,,,,,,,,,,,,,,,,,,,,,
Bristol,822,76,1,0,10,5,71,124,98,4,44,1,2,16,,,,,,,,,,,,,,,,,,,,,,,,,,,,,,,,,,,,,,,,,,,,,,,
Brookfield,275,36,1,0,0,2,28,43,40,2,13,2,0,6,,,,,,,,,,,,,,,,,,,,,,,,,,,,,,,,,,,,,,,,,,,,,,,
Brookline,129,15,1,0,0,0,15,11,8,1,1,0,0,3,,,,,,,,,,,,,,,,,,,,,,,,,,,,,,,,,,,,,,,,,,,,,,,
Brownington,103,7,1,0,2,1,18,32,12,0,8,0,0,1,,,,,,,,,,,,,,,,,,,,,,,,,,,,,,,,,,,,,,,,,,,,,,,
Brunswick,20,4,0,0,1,0,4,8,5,0,2,0,0,0,,,,,,,,,,,,,,,,,,,,,,,,,,,,,,,,,,,,,,,,,,,,,,,
Burke,280,37,0,0,1,0,30,74,58,1,12,1,0,8,,,,,,,,,,,,,,,,,,,,,,,,,,,,,,,,,,,,,,,,,,,,,,,
Burlington,9105,1471,22,2,31,7,391,527,643,12,154,2,10,45,,,,,,,,,,,,,,,,,,,,,,,,,,,,,,,,,,,,,,,,,,,,,,,
Cabot,320,36,2,0,2,0,39,44,50,3,28,1,0,13,,,,,,,,,,,,,,,,,,,,,,,,,,,,,,,,,,,,,,,,,,,,,,,
Calais,491,44,0,0,2,2,22,36,61,0,7,0,0,3,,,,,,,,,,,,,,,,,,,,,,,,,,,,,,,,,,,,,,,,,,,,,,,
Cambridge,696,59,1,1,3,1,73,91,111,8,32,0,1,16,,,,,,,,,,,,,,,,,,,,,,,,,,,,,,,,,,,,,,,,,,,,,,,
Canaan,132,21,0,0,0,0,22,25,32,1,12,1,1,5,,,,,,,,,,,,,,,,,,,,,,,,,,,,,,,,,,,,,,,,,,,,,,,
Castleton,546,103,4,0,11,1,97,225,184,4,38,1,2,17,,,,,,,,,,,,,,,,,,,,,,,,,,,,,,,,,,,,,,,,,,,,,,,
Cavendish,250,29,1,1,4,1,21,57,36,2,17,0,1,6,,,,,,,,,,,,,,,,,,,,,,,,,,,,,,,,,,,,,,,,,,,,,,,
Charleston,117,14,2,0,2,0,17,40,16,0,10,0,0,3,,,,,,,,,,,,,,,,,,,,,,,,,,,,,,,,,,,,,,,,,,,,,,,
Charlotte,1002,268,1,1,8,3,86,122,220,3,36,1,2,7,,,,,,,,,,,,,,,,,,,,,,,,,,,,,,,,,,,,,,,,,,,,,,,
Chelsea,185,20,0,0,6,2,28,43,42,2,13,1,0,6,,,,,,,,,,,,,,,,,,,,,,,,,,,,,,,,,,,,,,,,,,,,,,,
Chester,592,78,0,0,8,1,73,105,82,2,40,0,4,13,,,,,,,,,,,,,,,,,,,,,,,,,,,,,,,,,,,,,,,,,,,,,,,
Chittenden,254,27,0,0,1,1,36,65,98,0,20,0,0,6,,,,,,,,,,,,,,,,,,,,,,,,,,,,,,,,,,,,,,,,,,,,,,,
Clarendon,317,37,0,0,8,6,86,166,109,5,32,1,1,18,,,,,,,,,,,,,,,,,,,,,,,,,,,,,,,,,,,,,,,,,,,,,,,
Colchester,2695,432,7,2,24,9,315,488,567,9,165,3,3,49,,,,,,,,,,,,,,,,,,,,,,,,,,,,,,,,,,,,,,,,,,,,,,,
Concord,168,21,3,1,2,1,34,78,26,3,14,0,0,5,,,,,,,,,,,,,,,,,,,,,,,,,,,,,,,,,,,,,,,,,,,,,,,
Corinth,254,29,0,1,1,1,13,66,34,1,13,0,0,7,,,,,,,,,,,,,,,,,,,,,,,,,,,,,,,,,,,,,,,,,,,,,,,
Cornwall,290,78,0,1,1,0,34,31,54,4,12,0,0,3,,,,,,,,,,,,,,,,,,,,,,,,,,,,,,,,,,,,,,,,,,,,,,,
Coventry,182,16,0,0,0,0,25,50,27,0,10,1,0,6,,,,,,,,,,,,,,,,,,,,,,,,,,,,,,,,,,,,,,,,,,,,,,,
Craftsbury,252,24,1,0,1,0,10,16,28,0,4,0,0,5,,,,,,,,,,,,,,,,,,,,,,,,,,,,,,,,,,,,,,,,,,,,,,,
Danby,223,38,0,1,5,0,30,84,45,0,19,0,0,2,,,,,,,,,,,,,,,,,,,,,,,,,,,,,,,,,,,,,,,,,,,,,,,
Danville,371,55,0,7,6,2,52,85,86,0,28,0,1,9,,,,,,,,,,,,,,,,,,,,,,,,,,,,,,,,,,,,,,,,,,,,,,,
Derby,613,118,3,1,9,4,123,205,153,4,39,1,1,45,,,,,,,,,,,,,,,,,,,,,,,,,,,,,,,,,,,,,,,,,,,,,,,
Dorset,404,104,1,0,5,2,55,104,93,4,15,1,2,5,,,,,,,,,,,,,,,,,,,,,,,,,,,,,,,,,,,,,,,,,,,,,,,
Dover,244,34,0,0,5,4,36,64,39,3,14,2,0,10,,,,,,,,,,,,,,,,,,,,,,,,,,,,,,,,,,,,,,,,,,,,,,,
Dummerston,549,76,1,0,7,1,34,53,46,1,12,0,1,18,,,,,,,,,,,,,,,,,,,,,,,,,,,,,,,,,,,,,,,,,,,,,,,
Duxbury,346,27,0,0,0,1,36,38,41,3,10,0,1,8,,,,,,,,,,,,,,,,,,,,,,,,,,,,,,,,,,,,,,,,,,,,,,,
East Haven,66,6,0,0,1,1,8,18,6,1,2,0,0,5,,,,,,,,,,,,,,,,,,,,,,,,,,,,,,,,,,,,,,,,,,,,,,,
East Montpelier,732,108,5,0,3,1,51,80,113,1,15,1,1,8,,,,,,,,,,,,,,,,,,,,,,,,,,,,,,,,,,,,,,,,,,,,,,,
Eden,153,13,1,0,0,2,10,33,19,0,7,0,0,2,,,,,,,,,,,,,,,,,,,,,,,,,,,,,,,,,,,,,,,,,,,,,,,
Elmore,234,33,0,0,0,0,25,13,20,0,8,0,0,2,,,,,,,,,,,,,,,,,,,,,,,,,,,,,,,,,,,,,,,,,,,,,,,
Enosburgh,296,28,0,0,0,0,30,42,33,0,14,0,0,4,,,,,,,,,,,,,,,,,,,,,,,,,,,,,,,,,,,,,,,,,,,,,,,
Essex,3626,550,8,2,24,5,474,490,713,5,270,2,3,103,,,,,,,,,,,,,,,,,,,,,,,,,,,,,,,,,,,,,,,,,,,,,,,
Fair Haven,358,42,0,0,8,4,60,111,74,2,20,0,2,11,,,,,,,,,,,,,,,,,,,,,,,,,,,,,,,,,,,,,,,,,,,,,,,
Fairfax,819,95,2,0,5,5,122,205,182,4,73,0,0,29,,,,,,,,,,,,,,,,,,,,,,,,,,,,,,,,,,,,,,,,,,,,,,,
Fairfield,330,47,1,1,2,2,25,51,63,1,14,0,0,6,,,,,,,,,,,,,,,,,,,,,,,,,,,,,,,,,,,,,,,,,,,,,,,
Fairlee,261,20,0,0,1,1,17,30,26,1,4,1,0,3,,,,,,,,,,,,,,,,,,,,,,,,,,,,,,,,,,,,,,,,,,,,,,,
Fayston,283,42,0,0,2,0,14,22,45,0,6,0,0,2,,,,,,,,,,,,,,,,,,,,,,,,,,,,,,,,,,,,,,,,,,,,,,,
Ferrisburgh,622,90,1,0,10,5,83,105,117,0,55,2,1,19,,,,,,,,,,,,,,,,,,,,,,,,,,,,,,,,,,,,,,,,,,,,,,,
Fletcher,256,21,1,0,2,2,16,30,29,1,10,0,1,7,,,,,,,,,,,,,,,,,,,,,,,,,,,,,,,,,,,,,,,,,,,,,,,
Franklin,173,16,0,0,3,0,19,56,40,2,18,0,1,6,,,,,,,,,,,,,,,,,,,,,,,,,,,,,,,,,,,,,,,,,,,,,,,
Georgia,734,68,1,0,3,3,124,205,163,2,78,2,1,31,,,,,,,,,,,,,,,,,,,,,,,,,,,,,,,,,,,,,,,,,,,,,,,
Glover,200,22,0,0,2,0,17,24,22,1,8,0,0,8,,,,,,,,,,,,,,,,,,,,,,,,,,,,,,,,,,,,,,,,,,,,,,,
Goshen,55,14,0,0,0,1,1,4,13,0,1,0,0,3,,,,,,,,,,,,,,,,,,,,,,,,,,,,,,,,,,,,,,,,,,,,,,,
Grafton,169,26,0,0,6,0,19,42,28,3,10,1,0,3,,,,,,,,,,,,,,,,,,,,,,,,,,,,,,,,,,,,,,,,,,,,,,,
Granby,13,2,0,0,2,0,7,6,0,0,0,0,0,0,,,,,,,,,,,,,,,,,,,,,,,,,,,,,,,,,,,,,,,,,,,,,,,
Grand Isle,426,68,2,1,2,2,44,112,91,4,25,1,1,12,,,,,,,,,,,,,,,,,,,,,,,,,,,,,,,,,,,,,,,,,,,,,,,
Granville,86,5,0,0,1,0,2,4,5,0,0,0,0,0,,,,,,,,,,,,,,,,,,,,,,,,,,,,,,,,,,,,,,,,,,,,,,,
Greensboro,143,31,0,0,1,0,12,17,27,1,1,0,0,6,,,,,,,,,,,,,,,,,,,,,,,,,,,,,,,,,,,,,,,,,,,,,,,
Groton,145,18,1,0,5,5,26,47,37,0,22,0,2,9,,,,,,,,,,,,,,,,,,,,,,,,,,,,,,,,,,,,,,,,,,,,,,,
Guildhall,50,6,0,0,1,0,6,26,11,0,8,0,0,1,,,,,,,,,,,,,,,,,,,,,,,,,,,,,,,,,,,,,,,,,,,,,,,
Guilford,565,57,3,0,1,0,27,51,32,1,14,0,0,5,,,,,,,,,,,,,,,,,,,,,,,,,,,,,,,,,,,,,,,,,,,,,,,
Halifax,189,26,0,0,4,1,22,52,17,0,14,0,0,8,,,,,,,,,,,,,,,,,,,,,,,,,,,,,,,,,,,,,,,,,,,,,,,
Hancock,60,2,0,0,0,0,6,11,1,0,1,1,0,2,,,,,,,,,,,,,,,,,,,,,,,,,,,,,,,,,,,,,,,,,,,,,,,
Hardwick,520,51,1,0,4,3,48,85,66,1,14,1,0,5,,,,,,,,,,,,,,,,,,,,,,,,,,,,,,,,,,,,,,,,,,,,,,,
Hartford,1902,386,3,2,27,10,185,326,327,3,95,1,5,52,,,,,,,,,,,,,,,,,,,,,,,,,,,,,,,,,,,,,,,,,,,,,,,
Hartland,798,138,1,0,2,1,58,124,106,3,37,0,3,11,,,,,,,,,,,,,,,,,,,,,,,,,,,,,,,,,,,,,,,,,,,,,,,
Highgate,360,52,0,0,6,1,65,142,64,3,29,1,2,9,,,,,,,,,,,,,,,,,,,,,,,,,,,,,,,,,,,,,,,,,,,,,,,
Hinesburg,1087,199,3,3,7,1,87,106,187,1,49,0,4,6,,,,,,,,,,,,,,,,,,,,,,,,,,,,,,,,,,,,,,,,,,,,,,,
Holland,88,8,0,0,0,0,10,37,19,1,9,0,0,2,,,,,,,,,,,,,,,,,,,,,,,,,,,,,,,,,,,,,,,,,,,,,,,
Hubbardton,113,23,2,0,0,0,14,30,34,1,8,2,1,7,,,,,,,,,,,,,,,,,,,,,,,,,,,,,,,,,,,,,,,,,,,,,,,
Huntington,632,57,1,0,2,0,17,48,43,2,19,2,1,8,,,,,,,,,,,,,,,,,,,,,,,,,,,,,,,,,,,,,,,,,,,,,,,
Hyde Park,534,57,0,0,5,1,53,91,76,1,20,2,0,7,,,,,,,,,,,,,,,,,,,,,,,,,,,,,,,,,,,,,,,,,,,,,,,
Ira,68,8,1,0,3,0,10,17,13,1,9,0,1,4,,,,,,,,,,,,,,,,,,,,,,,,,,,,,,,,,,,,,,,,,,,,,,,
Irasburg,139,17,0,0,2,2,23,42,38,0,10,0,0,10,,,,,,,,,,,,,,,,,,,,,,,,,,,,,,,,,,,,,,,,,,,,,,,
Isle La Motte,135,15,2,0,3,1,10,44,12,1,12,0,1,0,,,,,,,,,,,,,,,,,,,,,,,,,,,,,,,,,,,,,,,,,,,,,,,
Jamaica,178,43,0,0,0,0,10,22,20,1,5,0,0,5,,,,,,,,,,,,,,,,,,,,,,,,,,,,,,,,,,,,,,,,,,,,,,,
Jay,66,10,1,0,0,0,11,17,7,1,6,0,0,2,,,,,,,,,,,,,,,,,,,,,,,,,,,,,,,,,,,,,,,,,,,,,,,
Jericho,1229,205,1,0,7,0,139,166,193,3,66,1,5,26,,,,,,,,,,,,,,,,,,,,,,,,,,,,,,,,,,,,,,,,,,,,,,,
Johnson,460,35,1,0,1,3,47,51,42,0,18,0,0,11,,,,,,,,,,,,,,,,,,,,,,,,,,,,,,,,,,,,,,,,,,,,,,,
Killington,215,55,0,0,4,0,35,86,58,0,9,0,1,6,,,,,,,,,,,,,,,,,,,,,,,,,,,,,,,,,,,,,,,,,,,,,,,
Kirby,100,14,0,0,0,1,24,12,14,1,7,1,0,5,,,,,,,,,,,,,,,,,,,,,,,,,,,,,,,,,,,,,,,,,,,,,,,
Landgrove,32,12,0,0,1,0,0,5,8,1,1,0,0,0,,,,,,,,,,,,,,,,,,,,,,,,,,,,,,,,,,,,,,,,,,,,,,,
Leicester,153,28,0,0,1,0,17,52,27,1,16,1,0,3,,,,,,,,,,,,,,,,,,,,,,,,,,,,,,,,,,,,,,,,,,,,,,,
Lemington,20,4,0,0,0,0,1,8,5,0,1,0,0,0,,,,,,,,,,,,,,,,,,,,,,,,,,,,,,,,,,,,,,,,,,,,,,,
Lincoln,437,31,1,0,5,1,16,38,40,4,12,1,0,10,,,,,,,,,,,,,,,,,,,,,,,,,,,,,,,,,,,,,,,,,,,,,,,
Londonderry,274,54,0,0,0,1,34,64,43,0,10,0,0,5,,,,,,,,,,,,,,,,,,,,,,,,,,,,,,,,,,,,,,,,,,,,,,,
Lowell,124,10,2,1,0,2,19,55,20,1,9,1,0,7,,,,,,,,,,,,,,,,,,,,,,,,,,,,,,,,,,,,,,,,,,,,,,,
Ludlow,369,80,1,0,3,1,55,93,67,2,25,1,1,15,,,,,,,,,,,,,,,,,,,,,,,,,,,,,,,,,,,,,,,,,,,,,,,
Lunenburg,127,22,0,1,3,0,26,75,46,3,13,0,0,12,,,,,,,,,,,,,,,,,,,,,,,,,,,,,,,,,,,,,,,,,,,,,,,
Lyndon,573,53,1,0,10,1,100,127,135,1,45,0,4,33,,,,,,,,,,,,,,,,,,,,,,,,,,,,,,,,,,,,,,,,,,,,,,,
Maidstone,25,2,0,0,2,0,3,17,16,0,3,0,0,2,,,,,,,,,,,,,,,,,,,,,,,,,,,,,,,,,,,,,,,,,,,,,,,
Manchester,719,221,1,0,8,11,97,160,161,1,57,0,2,15,,,,,,,,,,,,,,,,,,,,,,,,,,,,,,,,,,,,,,,,,,,,,,,
Marlboro,305,42,1,0,1,2,14,9,20,2,4,0,0,4,,,,,,,,,,,,,,,,,,,,,,,,,,,,,,,,,,,,,,,,,,,,,,,
Marshfield,324,17,0,1,3,0,43,40,34,2,17,0,1,12,,,,,,,,,,,,,,,,,,,,,,,,,,,,,,,,,,,,,,,,,,,,,,,
Mendon,158,37,2,0,5,1,42,68,60,1,9,0,0,0,,,,,,,,,,,,,,,,,,,,,,,,,,,,,,,,,,,,,,,,,,,,,,,
Middlebury,1470,317,4,1,16,2,116,88,209,2,49,1,1,9,,,,,,,,,,,,,,,,,,,,,,,,,,,,,,,,,,,,,,,,,,,,,,,
Middlesex,511,68,0,0,5,0,28,32,56,2,18,0,1,5,,,,,,,,,,,,,,,,,,,,,,,,,,,,,,,,,,,,,,,,,,,,,,,
Middletown Springs,208,29,2,0,4,0,26,39,43,2,13,1,1,9,,,,,,,,,,,,,,,,,,,,,,,,,,,,,,,,,,,,,,,,,,,,,,,
Milton,1499,196,9,2,20,2,256,432,365,12,205,1,3,64,,,,,,,,,,,,,,,,,,,,,,,,,,,,,,,,,,,,,,,,,,,,,,,
Monkton,524,46,1,0,5,2,44,65,54,7,38,0,0,5,,,,,,,,,,,,,,,,,,,,,,,,,,,,,,,,,,,,,,,,,,,,,,,
Montgomery,267,23,1,2,5,0,20,40,25,0,10,0,0,3,,,,,,,,,,,,,,,,,,,,,,,,,,,,,,,,,,,,,,,,,,,,,,,
Montpelier,2402,477,5,2,11,4,105,117,248,6,33,1,0,20,,,,,,,,,,,,,,,,,,,,,,,,,,,,,,,,,,,,,,,,,,,,,,,
Moretown,416,43,1,1,7,0,32,38,69,0,15,1,1,2,,,,,,,,,,,,,,,,,,,,,,,,,,,,,,,,,,,,,,,,,,,,,,,
Morgan,64,16,2,0,1,1,21,40,30,0,6,0,0,6,,,,,,,,,,,,,,,,,,,,,,,,,,,,,,,,,,,,,,,,,,,,,,,
Morristown,1054,103,1,1,5,6,88,116,158,3,18,0,0,28,,,,,,,,,,,,,,,,,,,,,,,,,,,,,,,,,,,,,,,,,,,,,,,
Mount Holly,234,54,0,0,3,2,28,83,30,1,19,0,0,11,,,,,,,,,,,,,,,,,,,,,,,,,,,,,,,,,,,,,,,,,,,,,,,
Mount Tabor,31,2,1,0,0,0,6,9,3,0,1,0,0,1,,,,,,,,,,,,,,,,,,,,,,,,,,,,,,,,,,,,,,,,,,,,,,,
New Haven,426,46,2,0,4,4,50,88,61,0,33,0,3,6,,,,,,,,,,,,,,,,,,,,,,,,,,,,,,,,,,,,,,,,,,,,,,,
Newark,86,8,1,0,0,0,8,28,9,0,9,0,0,6,,,,,,,,,,,,,,,,,,,,,,,,,,,,,,,,,,,,,,,,,,,,,,,
Newbury,379,36,0,0,14,2,29,76,43,1,21,1,1,10,,,,,,,,,,,,,,,,,,,,,,,,,,,,,,,,,,,,,,,,,,,,,,,
Newfane,448,67,2,0,3,2,15,58,34,1,8,0,1,6,,,,,,,,,,,,,,,,,,,,,,,,,,,,,,,,,,,,,,,,,,,,,,,
Newport City,477,84,2,0,4,0,71,125,100,3,33,0,0,25,,,,,,,,,,,,,,,,,,,,,,,,,,,,,,,,,,,,,,,,,,,,,,,
Newport Town,159,19,0,0,1,0,22,49,53,1,8,0,0,6,,,,,,,,,,,,,,,,,,,,,,,,,,,,,,,,,,,,,,,,,,,,,,,
North Hero,216,37,1,0,5,0,29,53,52,0,13,0,0,7,,,,,,,,,,,,,,,,,,,,,,,,,,,,,,,,,,,,,,,,,,,,,,,
Northfield,736,128,1,1,5,1,112,174,178,1,43,0,0,19,,,,,,,,,,,,,,,,,,,,,,,,,,,,,,,,,,,,,,,,,,,,,,,
Norton,23,6,0,0,1,0,3,8,8,0,3,0,0,4,,,,,,,,,,,,,,,,,,,,,,,,,,,,,,,,,,,,,,,,,,,,,,,
Norwich,1020,405,2,0,5,1,38,46,110,0,12,0,1,3,,,,,,,,,,,,,,,,,,,,,,,,,,,,,,,,,,,,,,,,,,,,,,,
Orange,133,8,1,0,5,3,23,49,24,4,15,1,0,11,,,,,,,,,,,,,,,,,,,,,,,,,,,,,,,,,,,,,,,,,,,,,,,
Orwell,174,32,0,0,1,2,33,63,66,1,21,0,1,14,,,,,,,,,,,,,,,,,,,,,,,,,,,,,,,,,,,,,,,,,,,,,,,
Panton,116,17,1,0,1,1,27,30,26,0,7,1,0,3,,,,,,,,,,,,,,,,,,,,,,,,,,,,,,,,,,,,,,,,,,,,,,,
Pawlet,285,31,0,1,0,0,33,69,48,1,17,1,2,6,,,,,,,,,,,,,,,,,,,,,,,,,,,,,,,,,,,,,,,,,,,,,,,
Peacham,166,24,0,0,4,1,22,24,40,1,10,0,1,3,,,,,,,,,,,,,,,,,,,,,,,,,,,,,,,,,,,,,,,,,,,,,,,
Peru,83,16,0,0,1,1,5,12,16,0,1,0,0,0,,,,,,,,,,,,,,,,,,,,,,,,,,,,,,,,,,,,,,,,,,,,,,,
Pittsfield,107,10,0,0,0,0,13,27,25,0,2,3,2,0,,,,,,,,,,,,,,,,,,,,,,,,,,,,,,,,,,,,,,,,,,,,,,,
Pittsford,381,68,0,0,9,0,78,147,118,0,33,1,1,12,,,,,,,,,,,,,,,,,,,,,,,,,,,,,,,,,,,,,,,,,,,,,,,
Plainfield,312,28,0,0,2,2,13,26,32,0,8,0,0,3,,,,,,,,,,,,,,,,,,,,,,,,,,,,,,,,,,,,,,,,,,,,,,,
Plymouth,114,27,0,0,2,0,8,39,20,0,6,0,2,6,,,,,,,,,,,,,,,,,,,,,,,,,,,,,,,,,,,,,,,,,,,,,,,
Pomfret,235,55,0,0,4,1,16,19,43,0,3,0,1,3,,,,,,,,,,,,,,,,,,,,,,,,,,,,,,,,,,,,,,,,,,,,,,,
Poultney,449,78,0,1,3,1,68,137,75,2,31,1,2,10,,,,,,,,,,,,,,,,,,,,,,,,,,,,,,,,,,,,,,,,,,,,,,,
Pownal,469,105,2,1,4,1,49,158,46,2,35,0,0,11,,,,,,,,,,,,,,,,,,,,,,,,,,,,,,,,,,,,,,,,,,,,,,,
Proctor,329,27,2,0,4,1,57,83,73,0,20,7,0,7,,,,,,,,,,,,,,,,,,,,,,,,,,,,,,,,,,,,,,,,,,,,,,,
Putney,734,80,1,0,4,1,29,45,28,0,8,0,0,9,,,,,,,,,,,,,,,,,,,,,,,,,,,,,,,,,,,,,,,,,,,,,,,
Randolph,906,85,2,0,11,3,91,126,152,3,39,0,3,32,,,,,,,,,,,,,,,,,,,,,,,,,,,,,,,,,,,,,,,,,,,,,,,
Reading,163,28,0,0,1,0,6,35,22,0,2,0,0,2,,,,,,,,,,,,,,,,,,,,,,,,,,,,,,,,,,,,,,,,,,,,,,,
Readsboro,112,41,0,0,2,0,14,58,16,0,14,0,0,2,,,,,,,,,,,,,,,,,,,,,,,,,,,,,,,,,,,,,,,,,,,,,,,
Richford,258,31,2,1,2,1,25,70,27,1,8,0,0,6,,,,,,,,,,,,,,,,,,,,,,,,,,,,,,,,,,,,,,,,,,,,,,,
Richmond,1125,146,1,0,8,4,109,120,128,4,46,1,3,26,,,,,,,,,,,,,,,,,,,,,,,,,,,,,,,,,,,,,,,,,,,,,,,
Ripton,189,26,0,0,0,0,4,13,10,1,5,0,0,1,,,,,,,,,,,,,,,,,,,,,,,,,,,,,,,,,,,,,,,,,,,,,,,
Rochester,294,28,1,0,1,0,19,25,45,3,1,1,0,7,,,,,,,,,,,,,,,,,,,,,,,,,,,,,,,,,,,,,,,,,,,,,,,
Rockingham,1020,134,2,2,9,3,44,141,90,5,33,0,0,15,,,,,,,,,,,,,,,,,,,,,,,,,,,,,,,,,,,,,,,,,,,,,,,
Roxbury,173,14,0,0,2,0,7,22,19,1,5,1,1,2,,,,,,,,,,,,,,,,,,,,,,,,,,,,,,,,,,,,,,,,,,,,,,,
Royalton,502,77,0,0,3,3,39,70,66,2,18,1,2,9,,,,,,,,,,,,,,,,,,,,,,,,,,,,,,,,,,,,,,,,,,,,,,,
Rupert,130,28,0,0,5,1,14,37,13,0,10,0,0,4,,,,,,,,,,,,,,,,,,,,,,,,,,,,,,,,,,,,,,,,,,,,,,,
Rutland City,2318,430,6,3,29,10,336,678,619,15,134,6,4,51,,,,,,,,,,,,,,,,,,,,,,,,,,,,,,,,,,,,,,,,,,,,,,,
Rutland Town,622,159,2,0,12,4,139,263,279,2,53,5,2,26,,,,,,,,,,,,,,,,,,,,,,,,,,,,,,,,,,,,,,,,,,,,,,,
Ryegate,202,30,0,0,2,0,25,42,40,0,9,0,0,8,,,,,,,,,,,,,,,,,,,,,,,,,,,,,,,,,,,,,,,,,,,,,,,
Saint Albans City,906,115,16,2,6,4,108,121,130,6,47,2,2,19,,,,,,,,,,,,,,,,,,,,,,,,,,,,,,,,,,,,,,,,,,,,,,,
Saint Albans Town,890,140,4,1,15,7,161,306,188,6,79,2,0,35,,,,,,,,,,,,,,,,,,,,,,,,,,,,,,,,,,,,,,,,,,,,,,,
Saint George,112,14,0,0,0,0,11,15,28,0,3,0,0,1,,,,,,,,,,,,,,,,,,,,,,,,,,,,,,,,,,,,,,,,,,,,,,,
Saint Johnsbury,1013,140,2,0,18,0,164,194,231,7,84,2,4,41,,,,,,,,,,,,,,,,,,,,,,,,,,,,,,,,,,,,,,,,,,,,,,,
Salisbury,192,34,1,0,2,0,15,45,24,1,19,1,1,6,,,,,,,,,,,,,,,,,,,,,,,,,,,,,,,,,,,,,,,,,,,,,,,
Sandgate,66,11,0,0,0,0,11,25,5,1,9,1,0,2,,,,,,,,,,,,,,,,,,,,,,,,,,,,,,,,,,,,,,,,,,,,,,,
Searsburg,14,3,1,0,2,0,1,15,1,0,6,0,0,0,,,,,,,,,,,,,,,,,,,,,,,,,,,,,,,,,,,,,,,,,,,,,,,
Shaftsbury,596,122,3,0,6,6,71,159,82,0,54,0,2,16,,,,,,,,,,,,,,,,,,,,,,,,,,,,,,,,,,,,,,,,,,,,,,,
Sharon,330,38,0,0,6,0,21,46,37,1,11,2,1,3,,,,,,,,,,,,,,,,,,,,,,,,,,,,,,,,,,,,,,,,,,,,,,,
Sheffield,107,5,0,0,1,0,15,17,16,0,3,0,0,3,,,,,,,,,,,,,,,,,,,,,,,,,,,,,,,,,,,,,,,,,,,,,,,
Shelburne,1639,495,4,1,26,4,202,194,410,3,83,1,7,30,,,,,,,,,,,,,,,,,,,,,,,,,,,,,,,,,,,,,,,,,,,,,,,
Sheldon,215,24,1,1,4,1,39,57,37,0,14,0,0,9,,,,,,,,,,,,,,,,,,,,,,,,,,,,,,,,,,,,,,,,,,,,,,,
Shoreham,266,32,0,0,2,1,28,37,30,3,24,0,1,4,,,,,,,,,,,,,,,,,,,,,,,,,,,,,,,,,,,,,,,,,,,,,,,
Shrewsbury,210,34,3,0,1,2,33,65,43,0,15,2,0,4,,,,,,,,,,,,,,,,,,,,,,,,,,,,,,,,,,,,,,,,,,,,,,,
South Burlington,3671,888,8,2,39,12,367,423,695,14,163,3,5,38,,,,,,,,,,,,,,,,,,,,,,,,,,,,,,,,,,,,,,,,,,,,,,,
South Hero,437,82,2,0,5,1,39,61,93,1,30,1,0,5,,,,,,,,,,,,,,,,,,,,,,,,,,,,,,,,,,,,,,,,,,,,,,,
Springfield,1366,213,3,2,12,4,146,394,225,2,82,4,6,53,,,,,,,,,,,,,,,,,,,,,,,,,,,,,,,,,,,,,,,,,,,,,,,
Stamford,118,31,1,0,1,0,12,55,13,1,21,17,0,9,,,,,,,,,,,,,,,,,,,,,,,,,,,,,,,,,,,,,,,,,,,,,,,
Stannard,47,1,0,0,0,0,0,5,5,1,0,0,0,0,,,,,,,,,,,,,,,,,,,,,,,,,,,,,,,,,,,,,,,,,,,,,,,
Starksboro,422,30,1,0,4,2,25,61,54,4,27,0,0,9,,,,,,,,,,,,,,,,,,,,,,,,,,,,,,,,,,,,,,,,,,,,,,,
Stockbridge,132,22,0,0,2,0,10,19,36,1,7,0,0,1,,,,,,,,,,,,,,,,,,,,,,,,,,,,,,,,,,,,,,,,,,,,,,,
Stowe,871,242,1,0,11,3,99,126,254,1,23,1,3,12,,,,,,,,,,,,,,,,,,,,,,,,,,,,,,,,,,,,,,,,,,,,,,,
Strafford,321,42,1,0,2,0,6,21,44,0,9,1,0,2,,,,,,,,,,,,,,,,,,,,,,,,,,,,,,,,,,,,,,,,,,,,,,,
Stratton,32,7,0,0,1,1,6,17,10,0,3,1,0,1,,,,,,,,,,,,,,,,,,,,,,,,,,,,,,,,,,,,,,,,,,,,,,,
Sudbury,107,16,0,1,0,0,7,23,11,0,11,0,1,2,,,,,,,,,,,,,,,,,,,,,,,,,,,,,,,,,,,,,,,,,,,,,,,
Sunderland,154,23,1,0,1,2,20,42,24,1,16,0,0,2,,,,,,,,,,,,,,,,,,,,,,,,,,,,,,,,,,,,,,,,,,,,,,,
Sutton,140,12,0,0,0,3,17,42,20,1,4,0,0,1,,,,,,,,,,,,,,,,,,,,,,,,,,,,,,,,,,,,,,,,,,,,,,,
Swanton,818,85,4,0,15,3,123,279,143,5,53,2,0,23,,,,,,,,,,,,,,,,,,,,,,,,,,,,,,,,,,,,,,,,,,,,,,,
Thetford,777,142,0,0,3,1,40,67,86,2,32,1,1,5,,,,,,,,,,,,,,,,,,,,,,,,,,,,,,,,,,,,,,,,,,,,,,,
Tinmouth,136,20,0,0,0,0,21,39,22,0,9,0,0,5,,,,,,,,,,,,,,,,,,,,,,,,,,,,,,,,,,,,,,,,,,,,,,,
Topsham,138,6,0,3,1,0,17,41,28,0,7,0,0,5,,,,,,,,,,,,,,,,,,,,,,,,,,,,,,,,,,,,,,,,,,,,,,,
Townshend,248,39,2,0,4,3,26,31,20,2,13,0,1,10,,,,,,,,,,,,,,,,,,,,,,,,,,,,,,,,,,,,,,,,,,,,,,,
Troy,186,23,0,0,2,0,19,42,25,1,11,0,0,9,,,,,,,,,,,,,,,,,,,,,,,,,,,,,,,,,,,,,,,,,,,,,,,
Tunbridge,269,33,0,0,2,0,15,41,36,0,8,0,0,11,,,,,,,,,,,,,,,,,,,,,,,,,,,,,,,,,,,,,,,,,,,,,,,
Underhill,782,119,0,1,10,3,88,86,116,2,38,0,1,26,,,,,,,,,,,,,,,,,,,,,,,,,,,,,,,,,,,,,,,,,,,,,,,
Vergennes,568,54,0,1,4,1,49,71,83,4,26,0,0,16,,,,,,,,,,,,,,,,,,,,,,,,,,,,,,,,,,,,,,,,,,,,,,,
Vernon,393,62,1,1,15,1,84,150,67,2,56,0,3,54,,,,,,,,,,,,,,,,,,,,,,,,,,,,,,,,,,,,,,,,,,,,,,,
Vershire,159,17,0,1,2,0,7,22,22,0,7,0,1,0,,,,,,,,,,,,,,,,,,,,,,,,,,,,,,,,,,,,,,,,,,,,,,,
Victory,16,6,0,0,0,0,6,16,3,0,1,0,0,1,,,,,,,,,,,,,,,,,,,,,,,,,,,,,,,,,,,,,,,,,,,,,,,
Waitsfield,499,69,2,0,4,0,34,66,68,5,7,0,0,7,,,,,,,,,,,,,,,,,,,,,,,,,,,,,,,,,,,,,,,,,,,,,,,
Walden,208,18,0,1,0,0,10,37,25,11,11,0,0,4,,,,,,,,,,,,,,,,,,,,,,,,,,,,,,,,,,,,,,,,,,,,,,,
Wallingford,361,51,4,0,5,3,44,103,79,2,19,0,1,10,,,,,,,,,,,,,,,,,,,,,,,,,,,,,,,,,,,,,,,,,,,,,,,
Waltham,112,18,0,0,0,0,12,12,20,1,7,0,1,1,,,,,,,,,,,,,,,,,,,,,,,,,,,,,,,,,,,,,,,,,,,,,,,
Wardsboro,134,16,0,0,0,1,15,29,19,0,5,0,0,1,,,,,,,,,,,,,,,,,,,,,,,,,,,,,,,,,,,,,,,,,,,,,,,
Warren,438,64,0,1,2,0,19,33,47,1,13,0,1,5,,,,,,,,,,,,,,,,,,,,,,,,,,,,,,,,,,,,,,,,,,,,,,,
Washington,155,33,1,0,0,1,17,51,24,2,20,0,0,11,,,,,,,,,,,,,,,,,,,,,,,,,,,,,,,,,,,,,,,,,,,,,,,
Waterbury,1220,174,4,0,1,2,90,101,156,0,27,0,4,11,,,,,,,,,,,,,,,,,,,,,,,,,,,,,,,,,,,,,,,,,,,,,,,
Waterford,197,21,0,0,1,1,51,46,47,2,18,0,1,14,,,,,,,,,,,,,,,,,,,,,,,,,,,,,,,,,,,,,,,,,,,,,,,
Waterville,117,6,0,0,1,0,15,18,18,1,11,0,0,5,,,,,,,,,,,,,,,,,,,,,,,,,,,,,,,,,,,,,,,,,,,,,,,
Weathersfield,538,78,0,0,10,4,50,183,101,3,46,0,2,15,,,,,,,,,,,,,,,,,,,,,,,,,,,,,,,,,,,,,,,,,,,,,,,
Wells,161,26,0,0,2,1,23,81,35,3,14,1,0,3,,,,,,,,,,,,,,,,,,,,,,,,,,,,,,,,,,,,,,,,,,,,,,,
West Fairlee,118,9,0,0,0,0,9,25,7,1,2,2,0,5,,,,,,,,,,,,,,,,,,,,,,,,,,,,,,,,,,,,,,,,,,,,,,,
West Haven,53,5,0,0,1,0,3,19,12,0,6,1,0,0,,,,,,,,,,,,,,,,,,,,,,,,,,,,,,,,,,,,,,,,,,,,,,,
West Rutland,283,52,0,2,3,2,36,124,70,2,24,0,2,15,,,,,,,,,,,,,,,,,,,,,,,,,,,,,,,,,,,,,,,,,,,,,,,
West Windsor,269,53,0,0,3,0,26,39,59,0,13,0,0,6,,,,,,,,,,,,,,,,,,,,,,,,,,,,,,,,,,,,,,,,,,,,,,,
Westfield,104,8,1,0,0,0,24,19,17,0,5,0,0,5,,,,,,,,,,,,,,,,,,,,,,,,,,,,,,,,,,,,,,,,,,,,,,,
Westford,529,66,0,0,1,4,53,67,77,0,37,1,1,11,,,,,,,,,,,,,,,,,,,,,,,,,,,,,,,,,,,,,,,,,,,,,,,
Westminster,857,102,1,0,9,3,43,91,54,1,19,0,1,5,,,,,,,,,,,,,,,,,,,,,,,,,,,,,,,,,,,,,,,,,,,,,,,
Westmore,66,4,0,0,1,0,10,14,15,1,2,0,0,0,,,,,,,,,,,,,,,,,,,,,,,,,,,,,,,,,,,,,,,,,,,,,,,
Weston,155,26,0,0,0,0,9,17,32,0,6,0,0,4,,,,,,,,,,,,,,,,,,,,,,,,,,,,,,,,,,,,,,,,,,,,,,,
Weybridge,229,61,0,0,1,0,21,14,43,1,8,0,0,5,,,,,,,,,,,,,,,,,,,,,,,,,,,,,,,,,,,,,,,,,,,,,,,
Wheelock,134,9,0,0,1,1,22,19,26,1,13,0,0,6,,,,,,,,,,,,,,,,,,,,,,,,,,,,,,,,,,,,,,,,,,,,,,,
Whiting,79,8,0,0,0,1,5,14,7,1,9,0,1,0,,,,,,,,,,,,,,,,,,,,,,,,,,,,,,,,,,,,,,,,,,,,,,,
Whitingham,164,24,1,0,5,0,23,52,29,2,8,1,0,12,,,,,,,,,,,,,,,,,,,,,,,,,,,,,,,,,,,,,,,,,,,,,,,
Williamstown,433,55,2,0,14,4,59,130,92,4,34,3,2,20,,,,,,,,,,,,,,,,,,,,,,,,,,,,,,,,,,,,,,,,,,,,,,,
Williston,1859,392,3,0,15,3,281,276,441,4,101,1,1,41,,,,,,,,,,,,,,,,,,,,,,,,,,,,,,,,,,,,,,,,,,,,,,,
Wilmington,370,70,0,0,6,0,29,84,64,1,23,1,1,5,,,,,,,,,,,,,,,,,,,,,,,,,,,,,,,,,,,,,,,,,,,,,,,
Windham,110,15,0,0,0,0,4,12,9,0,0,0,0,0,,,,,,,,,,,,,,,,,,,,,,,,,,,,,,,,,,,,,,,,,,,,,,,
Windsor,709,108,2,1,7,1,62,104,64,3,32,0,4,11,,,,,,,,,,,,,,,,,,,,,,,,,,,,,,,,,,,,,,,,,,,,,,,
Winhall,159,44,0,1,3,3,25,39,31,1,8,0,0,3,,,,,,,,,,,,,,,,,,,,,,,,,,,,,,,,,,,,,,,,,,,,,,,
Winooski,1359,156,6,1,2,3,74,114,95,0,37,0,0,12,,,,,,,,,,,,,,,,,,,,,,,,,,,,,,,,,,,,,,,,,,,,,,,
Wolcott,306,23,0,1,2,0,17,34,18,1,10,0,0,7,,,,,,,,,,,,,,,,,,,,,,,,,,,,,,,,,,,,,,,,,,,,,,,
Woodbury,185,11,0,0,1,0,13,18,15,1,12,1,0,3,,,,,,,,,,,,,,,,,,,,,,,,,,,,,,,,,,,,,,,,,,,,,,,
Woodford,76,10,0,0,0,0,3,19,3,0,2,1,0,0,,,,,,,,,,,,,,,,,,,,,,,,,,,,,,,,,,,,,,,,,,,,,,,
Woodstock,709,200,0,0,8,4,67,90,130,6,19,1,3,8,,,,,,,,,,,,,,,,,,,,,,,,,,,,,,,,,,,,,,,,,,,,,,,
Worcester,311,24,0,0,5,1,15,16,27,2,5,0,0,1,,,,,,,,,,,,,,,,,,,,,,,,,,,,,,,,,,,,,,,,,,,,,,,